fold,precision,recall,feature_runtime_sec,feature_memory_bytes,runtime_sec,memory_bytes
1,0.9920993227979773,0.9932203389819286,0.24626469612121582,111611904,230.51375699043274,164728832
2,0.9999999999807693,0.058757062146826265,0.5993690490722656,31457280,188.44344544410706,108929024
3,0.9925925925913672,0.9084745762701599,0.4709901809692383,29786112,238.9095950126648,105631744
4,0.6997084548094756,0.5423728813553194,0.5519118309020996,28749824,239.90231776237488,74342400
5,0.9934469200511227,0.8564971751402751,0.5576956272125244,30973952,267.52277159690857,97927168
