fold,precision,recall,feature_runtime_sec,feature_memory_bytes,runtime_sec,memory_bytes
1,0.9970972423788141,0.78335233751336,0.23670220375061035,120229888,261.2823784351349,168738816
2,0.9931972789104385,0.9988597491436729,0.2293541431427002,30511104,236.4291341304779,112689152
3,0.9984326018793128,0.7263397947540179,0.3037242889404297,30662656,243.02889752388,105787392
4,0.9920814479626786,0.9999999999988598,0.3228645324707031,28254208,241.5157732963562,105705472
5,0.4531963470317048,0.905359179018352,0.5379958152770996,27295744,226.11435389518738,101408768
