fold,precision,recall,feature_runtime_sec,feature_memory_bytes,runtime_sec,memory_bytes
1,0.9999999999833334,0.06841505131121048,0.4783792495727539,121012224,231.72862601280212,169279488
2,0.0,0.0,0.5714578628540039,29818880,195.53785514831543,117710848
3,0.9930955120817111,0.984036488026244,0.508638858795166,28024832,243.11112642288208,106414080
4,0.0,0.0,0.44094252586364746,27824128,195.28435444831848,100454400
5,0.9958448753448811,0.8198403648793389,0.5421550273895264,30167040,266.81984758377075,102043648
