fold,precision,recall,attack_id
1,0.0,0.0,7
2,0.0,0.0,7
3,0.0,0.0,7
4,0.27955390334551705,0.9591836734669409,7
5,0.9478260869537745,0.8341836734672597,7
