fold,attack_id,precision,recall,runtime_sec,memory_bytes
1,7,0.9999999999957627,0.6020408163249948,226.34887409210205,170123264
2,7,0.0,0.0,178.9864776134491,107134976
3,7,0.9999999999970238,0.8571428571406706,223.01130080223083,7385088
4,7,0.8895184135952139,0.8010204081612219,235.15458345413208,50724864
5,7,0.8902439024363102,0.7448979591817733,205.58464884757996,102305792
