fold,precision,recall,feature_runtime_sec,feature_memory_bytes,runtime_sec,memory_bytes
1,0.998522895124079,0.6595121951213078,1.5931119918823242,506830848,154.52691316604614,660619264
2,0.9999999999989837,0.9599999999990634,2.1825523376464844,696516608,141.70180082321167,740986880
3,0.9900332225902657,0.8721951219503686,3.4784018993377686,779718656,103.39781618118286,840052736
4,0.9999999999989848,0.96097560975516,3.336760997772217,872132608,169.41587352752686,931041280
5,0.999999999998999,0.9746341463405126,3.270388126373291,963411968,148.2504231929779,1028452352
