fold,precision,recall,feature_runtime_sec,feature_memory_bytes,runtime_sec,memory_bytes
1,0.9960822722811008,0.9921951219502515,1.860780954360962,509632512,256.3124985694885,663506944
2,0.9999999999990138,0.9892682926819617,4.467922687530518,697135104,170.8237600326538,757542912
3,0.9990128331678193,0.9873170731697685,4.351911544799805,790642688,118.82802271842957,849551360
4,0.9986648865140205,0.7297560975602636,4.400044679641724,883081216,124.38050603866577,938967040
5,0.9999999999990109,0.9863414634136719,5.00568962097168,971100160,239.61906933784485,1020723200
