fold,attack_id,precision,recall,feature_runtime_sec,feature_memory_bytes,runtime_sec,memory_bytes
1,3,0.999999999998996,0.9783889980344024,0.0,0,6.041989803314209,962560
2,3,0.999999999998996,0.9783889980344024,0.0,0,4.591712713241577,147456
3,3,0.999999999998998,0.9803536345766402,0.0,0,4.448331832885742,692224
4,3,0.999999999998996,0.9783889980344024,0.0,0,4.488626480102539,552960
5,3,0.99899598393474,0.9774066797632835,0.0,0,4.298434257507324,1138688
