fold,attack_id,precision,recall,runtime_sec,memory_bytes
1,7,0.9891891891891892,0.9432989690721649,27.32024073600769,8142848
2,7,0.9867724867724867,0.961340206185567,27.32024073600769,8142848
3,7,1.0,0.9252577319587629,27.32024073600769,8142848
4,7,1.0,0.9252577319587629,27.32024073600769,8142848
5,7,1.0,0.9252577319587629,27.32024073600769,8142848
