fold,attack_id,precision,recall,feature_runtime_sec,feature_memory_bytes,runtime_sec,memory_bytes
1,6,0.9999999999947644,0.21581920903930416,0.0,0,5.019058704376221,577536
2,6,0.9578059071689544,0.2564971751409531,0.0,0,7.9355247020721436,4096
3,6,0.9842931937121242,0.2124293785308334,0.0,0,5.931707382202148,962560
4,6,0.9867841409648159,0.25310734463248236,0.0,0,5.344565391540527,1003520
5,6,0.9910714285670041,0.2508474576268352,0.0,0,5.529438495635986,573440
