fold,attack_id,precision,recall,feature_runtime_sec,feature_memory_bytes,runtime_sec,memory_bytes
1,2,0.9999999999987909,0.9344632768351023,0.0,0,6.403988599777222,118784
2,2,0.9964454976291511,0.9502824858746325,0.0,0,5.0871922969818115,94208
3,2,0.9999999999987834,0.9288135593209844,0.0,0,5.2147462368011475,671744
4,2,0.9999999999987775,0.9242937853096901,0.0,0,5.220177412033081,282624
5,2,0.999999999998782,0.9276836158181608,0.0,0,5.501836776733398,315392
