fold,attack_id,precision,recall,feature_runtime_sec,feature_memory_bytes,runtime_sec,memory_bytes
1,4,0.999999999999003,0.9852652259322345,0.00010061264038085938,0,4.92791485786438,0
2,4,0.999999999999003,0.9852652259322345,9.059906005859375e-05,0,4.949167251586914,0
3,4,0.9999999999989463,0.9322200392918151,9.584426879882812e-05,0,4.952125072479248,0
4,4,0.999999999999003,0.9852652259322345,8.273124694824219e-05,0,5.04014778137207,0
5,4,0.99900398406275,0.9852652259322345,9.059906005859375e-05,0,5.036417722702026,0
