fold,attack_id,precision,recall,feature_runtime_sec,feature_memory_bytes,runtime_sec,memory_bytes
1,5,0.9999999999989909,0.973477406678808,0.0,0,5.85476279258728,155648
2,5,0.999999999998997,0.9793713163055212,0.0,0,7.064228296279907,266240
3,5,0.999999999998999,0.981335952847759,0.0,0,6.966825723648071,528384
4,5,0.999999999998995,0.9774066797632835,0.0,0,6.968201637268066,667648
5,5,0.996015936253988,0.9823182711188779,0.0,0,7.908953905105591,282624
