fold,attack_id,precision,recall,feature_runtime_sec,feature_memory_bytes,runtime_sec,memory_bytes
1,5,0.9965792474332993,0.9875706214678107,0.0,0,7.8903491497039795,962560
2,5,0.9931818181806896,0.9875706214678107,0.0,0,7.578054904937744,4096
3,5,0.9976878612705229,0.9751412429367513,0.0,0,7.854398488998413,8192
4,5,0.9999999999988519,0.98418079095934,0.0,0,9.514238119125366,-53248
5,5,0.9999999999988533,0.9853107344621636,0.0,0,13.938072681427002,1019904
