fold,attack_id,precision,recall,feature_runtime_sec,feature_memory_bytes,runtime_sec,memory_bytes
1,6,0.9929078014113979,0.1581920903953015,0.0,0,5.802207946777344,548864
2,6,0.9975369458115794,0.9152542372871014,0.0,0,5.26891565322876,4096
3,6,0.9999999999928059,0.1570621468924779,0.0,0,5.8198347091674805,278528
4,6,0.999999999992126,0.14350282485859492,0.0,0,6.230377435684204,0
5,6,0.999999999993007,0.1615819209037722,0.0,0,5.827441930770874,385024
