fold,attack_id,precision,recall,feature_runtime_sec,feature_memory_bytes,runtime_sec,memory_bytes
1,,0.1818181818140496,0.09638554216751342,0.0,0,165.32390236854553,17100800
2,,0.19047619047165534,0.09638554216751342,0.0,0,52.435529470443726,17129472
3,,0.21621621621037254,0.09638554216751342,0.0004696846008300781,0,27.21911597251892,18522112
4,,0.2666666666577778,0.09638554216751342,0.0,0,31.13333249092102,18808832
5,,0.3199999999872,0.09638554216751342,0.0,0,33.099122762680054,18808832
