fold,attack_id,precision,recall,feature_runtime_sec,feature_memory_bytes,runtime_sec,memory_bytes
1,,0.18930041152185473,0.5542168674632022,0.0,0,5.8682801723480225,17010688
2,,0.20576131687158125,0.602409638546959,0.0,0,6.730259895324707,17010688
3,,0.2034632034623227,0.5662650602341414,0.0,0,7.970471620559692,18718720
4,,0.2211538461527829,0.5542168674632022,0.0,0,7.344264030456543,18706432
5,,0.19736842105176594,0.542168674692263,0.0,0,9.228604316711426,18718720
