fold,attack_id,precision,recall,feature_runtime_sec,feature_memory_bytes,runtime_sec,memory_bytes
1,,0.3072289156617252,0.9714285714193197,0.0,0,16.026862621307373,17092608
2,,0.28977272727190406,0.9714285714193197,0.0,0,14.661531209945679,17657856
3,,0.2817679558003266,0.9714285714193197,0.0,0,15.511731147766113,17100800
4,,0.2727272727265435,0.9714285714193197,0.0,0,16.551750421524048,18763776
5,,0.2771739130427251,0.9714285714193197,0.0,0,17.04054856300354,18800640
