fold,attack_id,precision,recall,runtime_sec,memory_bytes
1,,0.4857142857142857,0.08762886597938144,384.1829106807709,4526080
2,,0.48484848484848486,0.08247422680412371,384.1829106807709,4526080
3,,0.532258064516129,0.08505154639175258,384.1829106807709,4526080
4,,0.6071428571428571,0.08762886597938144,384.1829106807709,4526080
5,,0.6458333333333334,0.07989690721649484,384.1829106807709,4526080
