fold,attack_id,precision,recall,runtime_sec,memory_bytes
1,,0.4857142857142857,0.08762886597938144,1317.6233291625977,-9330688
2,,0.48484848484848486,0.08247422680412371,1317.6233291625977,-9330688
3,,0.532258064516129,0.08505154639175258,1317.6233291625977,-9330688
4,,0.6071428571428571,0.08762886597938144,1317.6233291625977,-9330688
5,,0.6458333333333334,0.07989690721649484,1317.6233291625977,-9330688
