fold,attack_id,precision,recall,feature_runtime_sec,feature_memory_bytes,runtime_sec,memory_bytes
1,,0.1818181818140496,0.09638554216751342,0.0,0,128.1017360687256,17104896
2,,0.19047619047165534,0.09638554216751342,0.0,0,31.97249698638916,18239488
3,,0.21621621621037254,0.09638554216751342,0.0,0,30.406325340270996,18808832
4,,0.2666666666577778,0.09638554216751342,0.0,0,28.59048557281494,18239488
5,,0.3199999999872,0.09638554216751342,0.0,0,28.040430068969727,18272256
