fold,precision,recall,feature_runtime_sec,feature_memory_bytes,runtime_sec,memory_bytes
1,0.9999999999952381,0.9999999999952381,1.268566370010376,2221494272,153.23926711082458,2804391936
2,0.9999999999952154,0.995238095233356,1.2700316905975342,2809974784,129.34238982200623,3023351808
3,0.9999999999952381,0.9999999999952381,1.2626173496246338,3047022592,233.84963607788086,3551940608
4,0.9999999999952381,0.9999999999952381,1.272165060043335,3556089856,95.11307191848755,3613114368
5,0.9999999999952381,0.9999999999952381,1.2791271209716797,3637194752,116.4509060382843,4048834560
