fold,precision,recall,feature_runtime_sec,feature_memory_bytes,runtime_sec,memory_bytes
1,0.9861111110974151,0.9594594594464937,0.22713494300842285,111722496,215.04995679855347,168771584
2,0.9859154929438603,0.9459459459331628,0.4006006717681885,29945856,195.7317087650299,118095872
3,0.9864864864731555,0.9864864864731555,0.37505435943603516,26939392,246.97835445404053,106913792
4,0.9846153846002367,0.8648648648531775,0.44378066062927246,26574848,191.17587327957153,101048320
5,0.9074074073906037,0.662162162153214,0.5017590522766113,27570176,236.89369678497314,99057664
