fold,precision,recall,feature_runtime_sec,feature_memory_bytes,runtime_sec,memory_bytes
1,0.99999999999,0.952380952371882,2.898061990737915,502386688,141.46348690986633,654422016
2,0.9999999999894736,0.904761904753288,1.711301326751709,689881088,164.17262172698975,733777920
3,0.9999999999894736,0.904761904753288,3.8696656227111816,773459968,193.268141746521,833978368
4,0.9999999999891304,0.8761904761821315,3.30912709236145,867581952,206.79485321044922,925065216
5,0.9999999999896907,0.9238095238007256,2.178903341293335,956190720,125.79926419258118,1021050880
