fold,precision,recall,feature_runtime_sec,feature_memory_bytes,runtime_sec,memory_bytes
1,0.8313253011948033,0.932432432419832,0.26250362396240234,119726080,262.67507123947144,171294720
2,0.9848484848335628,0.8783783783665083,0.49379825592041016,31592448,234.33263850212097,117575680
3,0.9863013698495027,0.9729729729598247,0.7805702686309814,28229632,241.91338777542114,105275392
4,0.9838709677260666,0.8243243243131848,0.6335480213165283,25407488,278.12926149368286,105000960
5,0.9830508474409653,0.783783783773192,0.46700358390808105,26517504,223.3535351753235,99733504
