fold,precision,recall,feature_runtime_sec,feature_memory_bytes,runtime_sec,memory_bytes
1,0.985714285700204,0.8313253011948033,4.056246995925903,627707904,144.32473134994507,777830400
2,0.9879518072170126,0.9879518072170126,5.902127027511597,813473792,171.58689498901367,862027776
3,0.9540229884947813,0.9999999999879517,4.241493463516235,898166784,135.00746941566467,965169152
4,0.9873417721394007,0.9397590361332558,3.3939895629882812,999759872,176.41936087608337,1058844672
5,0.9879518072170126,0.9879518072170126,6.346291542053223,1091858432,144.08910727500916,1151021056
