fold,precision,recall,attack_id
1,0.0,0.0,7
2,0.06134415877308916,0.6071428571401467,7
3,0.4099999999959,0.18303571428489718,7
4,0.995238095233356,0.933035714281549,7
5,0.8666666666088889,0.0580357142854552,7
