fold,precision,recall,feature_runtime_sec,feature_memory_bytes,runtime_sec,memory_bytes
1,0.9999999999897958,0.9333333333244445,1.8494300842285156,503554048,153.67813801765442,653332480
2,0.9999999999896907,0.9238095238007256,4.198662042617798,688545792,123.3501718044281,748244992
3,0.9999999999894736,0.904761904753288,4.513528108596802,782331904,173.33291625976562,843558912
4,0.9999999999894736,0.904761904753288,4.884162425994873,876015616,148.13904404640198,933101568
5,0.9999999999894736,0.904761904753288,4.739625453948975,966230016,245.76244044303894,1032155136
