fold,precision,recall,feature_runtime_sec,feature_memory_bytes,runtime_sec,memory_bytes
1,0.988095238083475,0.9999999999879517,0.47318601608276367,113496064,238.81852841377258,169623552
2,0.9859154929438603,0.8433734939657425,0.6189334392547607,30269440,230.22439455986023,117428224
3,0.985714285700204,0.8313253011948033,0.4611337184906006,28299264,241.11847686767578,106020864
4,0.9764705882238062,0.9999999999879517,0.40421319007873535,28090368,237.38320326805115,73236480
5,0.9651162790585451,0.9999999999879517,0.4665334224700928,28004352,185.65399074554443,102928384
