fold,attack_id,precision,recall,feature_runtime_sec,feature_memory_bytes,runtime_sec,memory_bytes
1,7,0.9846153846078107,0.1446327683614185,0.0,0,0.3296170234680176,12517376
2,7,0.9666666666602223,0.16384180790941938,0.0,0,0.3624684810638428,12517376
3,7,0.9926470588162306,0.15254237288118358,0.0,0,0.26715731620788574,12517376
4,7,0.9772727272653238,0.14576271186424208,0.0,0,0.3048720359802246,12779520
5,7,0.970588235286981,0.14915254237271283,0.0,0,0.31700778007507324,12517376
