fold,attack_id,precision,recall,feature_runtime_sec,feature_memory_bytes,runtime_sec,memory_bytes
1,6,0.99900398406275,0.9852652259322345,0.0,0,0.18845653533935547,12513280
2,6,0.999999999999004,0.9862475442033534,0.0,0,0.1824634075164795,12513280
3,6,0.999999999999003,0.9852652259322345,0.0,0,0.17572641372680664,12775424
4,6,0.999999999999002,0.9842829076611156,0.0,0,0.1916050910949707,12603392
5,6,0.99900398406275,0.9852652259322345,0.0,0,0.1971604824066162,12513280
