fold,attack_id,precision,recall,runtime_sec,memory_bytes
1,7,0.9917355371900827,0.9278350515463918,17.801721572875977,7757824
2,7,0.9892761394101877,0.9510309278350515,17.801721572875977,7757824
3,7,1.0,0.9097938144329897,17.801721572875977,7757824
4,7,1.0,0.9097938144329897,17.801721572875977,7757824
5,7,1.0,0.9097938144329897,17.801721572875977,7757824
