fold,attack_id,precision,recall,feature_runtime_sec,feature_memory_bytes,runtime_sec,memory_bytes
1,2,0.999999999998999,0.981335952847759,0.000965118408203125,0,0.36602258682250977,12513280
2,2,0.999999999999001,0.9833005893899968,0.0,0,0.3331892490386963,12513280
3,2,0.999999999998998,0.9803536345766402,0.0,0,0.28308534622192383,12513280
4,2,0.999999999998998,0.9803536345766402,0.0,0,0.48842287063598633,12513280
5,2,0.999999999999,0.9823182711188779,0.0,0,0.2666926383972168,12513280
