fold,attack_id,precision,recall,feature_runtime_sec,feature_memory_bytes,runtime_sec,memory_bytes
1,1,0.9975961538449548,0.9378531073435731,0.013799190521240234,0,0.0624384880065918,3452928
2,1,0.9952774498217293,0.9525423728802797,0.010053396224975586,0,0.06007838249206543,3452928
3,1,0.999999999998785,0.929943502823808,0.0482480525970459,573440,0.4012339115142822,3768320
4,1,0.999999999998785,0.929943502823808,0.010223627090454102,573440,0.07168459892272949,3452928
5,1,0.999999999998785,0.929943502823808,0.009640932083129883,397312,0.08079743385314941,3452928
