fold,attack_id,precision,recall,runtime_sec,memory_bytes
1,7,0.9917355371900827,0.9278350515463918,19.80588436126709,7053312
2,7,0.9892761394101877,0.9510309278350515,19.80588436126709,7053312
3,7,1.0,0.9097938144329897,19.80588436126709,7053312
4,7,1.0,0.9097938144329897,19.80588436126709,7053312
5,7,1.0,0.9097938144329897,19.80588436126709,7053312
