fold,attack_id,precision,recall,feature_runtime_sec,feature_memory_bytes,runtime_sec,memory_bytes
1,2,0.999999999998776,0.9231638418068665,0.0,0,0.4479985237121582,12517376
2,2,0.996441281137608,0.9491525423718089,0.0,0,0.3156752586364746,12517376
3,2,0.9999999999987715,0.9197740112983958,0.0,0,0.4478893280029297,12521472
4,2,0.999999999998767,0.916384180789925,0.0,0,0.4344911575317383,12517376
5,2,0.999999999998767,0.916384180789925,0.0,0,0.4451768398284912,12517376
