fold,attack_id,precision,recall,feature_runtime_sec,feature_memory_bytes,runtime_sec,memory_bytes
1,3,0.9965277777766244,0.9728813559311041,0.0,0,0.33427858352661133,12529664
2,3,0.9942329873114254,0.9740112994339277,0.0,0,0.2996406555175781,12529664
3,3,0.9965277777766244,0.9728813559311041,0.0,0,0.3463599681854248,12529664
4,3,0.9999999999988332,0.9683615819198098,0.0,0,0.29430198669433594,12529664
5,3,0.9999999999988332,0.9683615819198098,0.0012598037719726562,0,0.2997138500213623,12529664
