fold,attack_id,precision,recall,feature_runtime_sec,feature_memory_bytes,runtime_sec,memory_bytes
1,7,0.9999999999951924,0.9999999999951924,0.00014281272888183594,0,0.1761612892150879,0
2,7,0.9999999999951924,0.9999999999951924,0.00020885467529296875,0,0.17678070068359375,6991872
3,7,0.9999999999951924,0.9999999999951924,0.0002391338348388672,0,0.18097186088562012,9138176
4,7,0.9999999999951924,0.9999999999951924,0.00016045570373535156,0,0.18358111381530762,10182656
5,7,0.9999999999951924,0.9999999999951924,0.0002086162567138672,0,0.1796863079071045,9187328
