Feature,Importance,Rank,Std_Dev
z7,0.0004632368535613426,1,1.2278567202830744e-05
z5,0.0004626787368703048,2,1.3952917275944022e-05
z10,0.000462120620179267,3,1.2278567202830744e-05
z8,0.00046044627010615374,4,1.1720450511792967e-05
z6,0.000459888153415116,5,1.2278567202830717e-05
z13,0.0004582138033420027,6,1.060421712971744e-05
z14,0.0004543069865047384,7,8.929867056604163e-06
z18,0.0004543069865047384,8,8.929867056604163e-06
z0,0.000448167702903323,9,8.371750365566413e-06
z17,0.0004464933528302098,10,6.697400292453136e-06
z12,0.00044481900275709647,11,7.255516983490886e-06
z9,0.00044370276937502086,12,6.139283601415413e-06
z16,0.0004191456349693594,13,9.487983747641994e-06
z3,0.00041468070144105726,14,6.139283601415359e-06
z19,0.0004068670677665286,15,6.139283601415386e-06
z2,0.0004018440175471888,16,5.581166910377609e-06
z11,0.00037617064975945175,17,1.1162333820755244e-05
z1,0.0003599852657193566,18,7.255516983490913e-06
z4,0.0002891044459575608,19,1.1162333820755271e-06
z15,0.0002472456941297286,20,8.37175036556644e-06
