fold,attack_id,precision,recall,feature_runtime_sec,feature_memory_bytes,runtime_sec,memory_bytes
1,7,0.9999999999951924,0.9999999999951924,0.00017309188842773438,0,0.3341541290283203,18980864
2,7,0.9999999999951924,0.9999999999951924,0.00011873245239257812,0,0.3735208511352539,12124160
3,7,0.9999999999951924,0.9999999999951924,0.00011467933654785156,0,0.35204625129699707,1150976
4,7,0.9999999999951924,0.9999999999951924,0.00011372566223144531,0,0.3153047561645508,-9207808
5,7,0.9999999999951924,0.9999999999951924,0.00010895729064941406,0,0.35760068893432617,3457024
