fold,attack_id,precision,recall,feature_runtime_sec,feature_memory_bytes,runtime_sec,memory_bytes
1,7,0.9999999999901961,0.9714285714193197,0.0,0,0.18619680404663086,12537856
2,7,0.9999999999903846,0.9904761904667574,0.0,0,0.18911123275756836,12537856
3,7,0.9999999999902912,0.9809523809430385,0.0009999275207519531,0,0.1795518398284912,12537856
4,7,0.9999999999901961,0.9714285714193197,0.0,0,0.21181416511535645,12537856
5,7,0.9807692307598003,0.9714285714193197,0.0,0,0.18782258033752441,12537856
