fold,attack_id,precision,recall,feature_runtime_sec,feature_memory_bytes,runtime_sec,memory_bytes
1,7,0.9638554216751343,0.9638554216751343,0.0,0,0.3434176445007324,12541952
2,7,0.9523809523696145,0.9638554216751343,0.0,0,0.39123010635375977,12541952
3,7,0.987654320975461,0.9638554216751343,0.0,0,0.283034086227417,12541952
4,7,0.9999999999875,0.9638554216751343,0.0,0,0.37659144401550293,12541952
5,7,0.987654320975461,0.9638554216751343,0.0,0,0.2712843418121338,12541952
