fold,attack_id,precision,recall,feature_runtime_sec,feature_memory_bytes,runtime_sec,memory_bytes
1,7,0.9420289854935937,0.7831325301110466,0.0,0,0.3902091979980469,12537856
2,7,0.8815789473568213,0.8072289156529249,0.0,0,0.3376891613006592,12537856
3,7,0.9428571428436734,0.7951807228819857,0.0,0,0.5101633071899414,12537856
4,7,0.9066666666545777,0.8192771084238641,0.0,0,0.2959866523742676,12537856
5,7,0.9420289854935937,0.7831325301110466,0.0,0,0.29996490478515625,12537856
