fold,attack_id,precision,recall,feature_runtime_sec,feature_memory_bytes,runtime_sec,memory_bytes
1,7,0.9638554216751343,0.9638554216751343,0.0,0,0.20870494842529297,12541952
2,7,0.9523809523696145,0.9638554216751343,0.0,0,0.2327594757080078,12541952
3,7,0.987654320975461,0.9638554216751343,0.0,0,0.20792436599731445,12541952
4,7,0.9999999999875,0.9638554216751343,0.0,0,0.24113678932189941,12541952
5,7,0.987654320975461,0.9638554216751343,0.0,0,0.22185945510864258,12541952
