fold,attack_id,precision,recall,feature_runtime_sec,feature_memory_bytes,runtime_sec,memory_bytes
1,7,0.9638554216751343,0.9638554216751343,0.00868988037109375,0,0.06910324096679688,3452928
2,7,0.9310344827479191,0.9759036144460734,0.013981103897094727,0,0.06673479080200195,3452928
3,7,0.987654320975461,0.9638554216751343,0.008002281188964844,0,0.053664445877075195,3452928
4,7,0.9999999999875,0.9638554216751343,0.009013175964355469,573440,0.06159520149230957,3452928
5,7,0.9999999999875,0.9638554216751343,0.0,36864,0.0665888786315918,3715072
