fold,attack_id,precision,recall,feature_runtime_sec,feature_memory_bytes,runtime_sec,memory_bytes
1,7,0.9638554216751343,0.9638554216751343,0.0,0,0.19376492500305176,12541952
2,7,0.9523809523696145,0.9638554216751343,0.0,0,0.20615649223327637,12541952
3,7,0.987654320975461,0.9638554216751343,0.0,0,0.18322515487670898,12541952
4,7,0.9999999999875,0.9638554216751343,0.0,0,0.19721364974975586,12541952
5,7,0.987654320975461,0.9638554216751343,0.0,0,0.18680739402770996,12541952
