fold,attack_id,precision,recall,feature_runtime_sec,feature_memory_bytes,runtime_sec,memory_bytes
1,7,0.9999999999901961,0.9714285714193197,0.0001780986785888672,0,0.2611997127532959,11091968
2,7,0.9999999999901961,0.9714285714193197,0.00012373924255371094,0,0.22011065483093262,0
3,7,0.9999999999901961,0.9714285714193197,0.00011849403381347656,0,0.22157931327819824,0
4,7,0.9999999999901961,0.9714285714193197,0.00011587142944335938,0,0.24313759803771973,1724416
5,7,0.9807692307598003,0.9714285714193197,0.0001232624053955078,0,0.2273108959197998,573440
