fold,attack_id,precision,recall,feature_runtime_sec,feature_memory_bytes,runtime_sec,memory_bytes
1,7,0.9638554216751343,0.9638554216751343,0.0,0,0.4253220558166504,798720
2,7,0.9523809523696145,0.9638554216751343,0.0,0,0.3604469299316406,-1429504
3,7,0.9999999999875,0.9638554216751343,0.0,0,0.3813774585723877,-16384
4,7,0.9999999999875,0.9638554216751343,0.0,0,0.39111995697021484,1159168
5,7,0.9999999999875,0.9638554216751343,0.0,0,0.3950541019439697,-1957888
