fold,attack_id,precision,recall,feature_runtime_sec,feature_memory_bytes,runtime_sec,memory_bytes
1,7,0.9638554216751343,0.9638554216751343,0.0,0,0.45862317085266113,126976
2,7,0.9523809523696145,0.9638554216751343,0.0,0,0.36784887313842773,1081344
3,7,0.9999999999875,0.9638554216751343,0.0,0,0.4335143566131592,-778240
4,7,0.9999999999875,0.9638554216751343,0.0,0,0.4885737895965576,221184
5,7,0.9999999999875,0.9638554216751343,0.0,0,0.4164133071899414,-2121728
