fold,attack_id,precision,recall,feature_runtime_sec,feature_memory_bytes,runtime_sec,memory_bytes
1,7,0.9638554216751343,0.9638554216751343,0.0,0,0.3580973148345947,-1540096
2,7,0.9523809523696145,0.9638554216751343,0.0,0,0.3265340328216553,561152
3,7,0.9999999999875,0.9638554216751343,0.0,0,0.35018157958984375,-790528
4,7,0.9999999999875,0.9638554216751343,0.0,0,0.34975171089172363,-901120
5,7,0.9999999999875,0.9638554216751343,0.0,0,0.34937500953674316,-315392
