fold,attack_id,precision,recall,feature_runtime_sec,feature_memory_bytes,runtime_sec,memory_bytes
1,7,0.9999999999901961,0.9714285714193197,0.0,0,0.4231557846069336,-655360
2,7,0.9999999999901961,0.9714285714193197,0.0,0,0.34725046157836914,1236992
3,7,0.9999999999901961,0.9714285714193197,0.0159456729888916,0,0.3289647102355957,-1302528
4,7,0.9999999999901961,0.9714285714193197,0.0,0,0.35413146018981934,-249856
5,7,0.9807692307598003,0.9714285714193197,0.0017480850219726562,0,0.3294200897216797,1236992
