fold,attack_id,precision,recall,feature_runtime_sec,feature_memory_bytes,runtime_sec,memory_bytes
1,7,0.9999999999901961,0.9714285714193197,0.0,0,0.3804609775543213,-491520
2,7,0.9999999999901961,0.9714285714193197,0.0,0,0.3648388385772705,827392
3,7,0.9999999999901961,0.9714285714193197,0.0,0,0.3881247043609619,-1695744
4,7,0.9999999999901961,0.9714285714193197,0.0,0,0.3624398708343506,32768
5,7,0.9807692307598003,0.9714285714193197,0.0,0,0.34983372688293457,-1372160
