fold,attack_id,precision,recall,feature_runtime_sec,feature_memory_bytes,runtime_sec,memory_bytes
1,7,0.9638554216751343,0.9638554216751343,0.008998632431030273,978944,0.36516308784484863,466944
2,7,0.9529411764593771,0.9759036144460734,0.0,397312,0.3964104652404785,1613824
3,7,0.9999999999875,0.9638554216751343,0.0,0,0.33222222328186035,-2621440
4,7,0.9999999999875,0.9638554216751343,0.015705108642578125,217088,0.3956334590911865,-253952
5,7,0.9999999999875,0.9638554216751343,0.0,0,0.3173410892486572,-1003520
