{
  "scenario": 2,
  "k_folds": 10,
  "M": 86,
  "data_type": "synthetic",
  "window_size": 20,
  "stride": 1,
  "mean_precision": 0.5009615810729102,
  "std_precision": 0.21725939954139395,
  "mean_recall": 0.5726190476190476,
  "std_recall": 0.198095381181267,
  "mean_f1": 0.48549051659692005,
  "std_f1": 0.14357497088254134,
  "per_fold_precision": [
    0.2815533980582524,
    0.4027777777777778,
    0.2,
    0.5918367346938775,
    0.8529411764705882,
    0.6744186046511628,
    0.38461538461538464,
    0.2704626334519573,
    0.8055555555555556,
    0.5454545454545454
  ],
  "per_fold_recall": [
    0.34523809523809523,
    0.34523809523809523,
    0.7619047619047619,
    0.34523809523809523,
    0.6904761904761905,
    0.6904761904761905,
    0.6547619047619048,
    0.9047619047619048,
    0.34523809523809523,
    0.6428571428571429
  ],
  "per_fold_f1": [
    0.31016042780748665,
    0.3717948717948718,
    0.31683168316831684,
    0.43609022556390975,
    0.7631578947368421,
    0.6823529411764706,
    0.4845814977973568,
    0.41643835616438357,
    0.48333333333333334,
    0.5901639344262295
  ],
  "params": {
    "dropout_rate": 0.3,
    "lr": 0.001,
    "batch_size": 128,
    "epochs": 10,
    "patience": 10,
    "conv_filters": [
      32,
      64,
      128,
      256
    ],
    "kernel_size": 3,
    "dense1_units": 128,
    "dense2_units": 64,
    "use_class_weight": true
  }
}