{
  "scenario": 3,
  "k_folds": 10,
  "M": 86,
  "data_type": "real",
  "window_size": 20,
  "stride": 1,
  "mean_precision": 0.25339815379969044,
  "std_precision": 0.3058553212669377,
  "mean_recall": 0.2922645739910314,
  "std_recall": 0.20100121533970577,
  "mean_f1": 0.1559159434499213,
  "std_f1": 0.13758898306058281,
  "per_fold_precision": [
    0.6883720930232559,
    0.2542113323124043,
    0.0,
    0.049387009825232586,
    0.47904191616766467,
    0.8938053097345132,
    0.03547717842323651,
    0.0705448802316399,
    0.03725677830940989,
    0.02588503996954701
  ],
  "per_fold_recall": [
    0.33183856502242154,
    0.1860986547085202,
    0.0,
    0.6367713004484304,
    0.08968609865470852,
    0.226457399103139,
    0.19170403587443946,
    0.3004484304932735,
    0.6547085201793722,
    0.30493273542600896
  ],
  "per_fold_f1": [
    0.44780635400907715,
    0.21488673139158576,
    0.0,
    0.09166464939885419,
    0.1510859301227573,
    0.3613595706618962,
    0.059873949579831935,
    0.11426135152419527,
    0.0705015995654011,
    0.047719298245614036
  ],
  "params": {
    "dropout_rate": 0.3,
    "lr": 0.001,
    "batch_size": 128,
    "epochs": 10,
    "patience": 10,
    "conv_filters": [
      32,
      64,
      128,
      256
    ],
    "kernel_size": 3,
    "dense1_units": 128,
    "dense2_units": 64,
    "use_class_weight": true
  }
}