{
  "scenario": 3,
  "k_folds": 5,
  "M": 86,
  "data_type": "real",
  "window_size": 20,
  "stride": 1,
  "mean_precision": 0.038343976059823384,
  "std_precision": 0.030280047111678917,
  "mean_recall": 0.22780269058295963,
  "std_recall": 0.1693491687133894,
  "mean_f1": 0.06012941925333456,
  "std_f1": 0.04127567078575667,
  "per_fold_precision": [
    0.0,
    0.02725182580470652,
    0.028051327961802448,
    0.0916754478398314,
    0.044741278692776554
  ],
  "per_fold_recall": [
    0.0,
    0.4517937219730942,
    0.10538116591928251,
    0.19506726457399104,
    0.3867713004484305
  ],
  "per_fold_f1": [
    0.0,
    0.051403061224489795,
    0.0443082724487391,
    0.12473118279569892,
    0.08020457979774498
  ],
  "params": {
    "dropout_rate": 0.3,
    "lr": 0.001,
    "batch_size": 128,
    "epochs": 10,
    "patience": 10,
    "conv_filters": [
      32,
      64,
      128,
      256
    ],
    "kernel_size": 3,
    "dense1_units": 128,
    "dense2_units": 64,
    "use_class_weight": true
  }
}