{
  "scenario": 2,
  "k_folds": 5,
  "M": 50,
  "data_type": "synthetic",
  "window_size": 20,
  "stride": 1,
  "mean_precision": 0.16585118530738832,
  "std_precision": 0.13464371115174417,
  "mean_recall": 0.40714285714285714,
  "std_recall": 0.09943149056105287,
  "mean_f1": 0.2080483087114542,
  "std_f1": 0.14901284271461715,
  "per_fold_precision": [
    0.3565217391304348,
    0.27358490566037735,
    0.15932203389830507,
    0.02463891248937978,
    0.015188335358444714
  ],
  "per_fold_recall": [
    0.4880952380952381,
    0.34523809523809523,
    0.5595238095238095,
    0.34523809523809523,
    0.2976190476190476
  ],
  "per_fold_f1": [
    0.4120603015075377,
    0.30526315789473685,
    0.24802110817941952,
    0.045995241871530534,
    0.028901734104046242
  ],
  "params": {
    "dropout_rate": 0.3,
    "lr": 0.001,
    "batch_size": 128,
    "epochs": 10,
    "patience": 10,
    "conv_filters": [
      32,
      64,
      128,
      256
    ],
    "kernel_size": 3,
    "dense1_units": 128,
    "dense2_units": 64,
    "use_class_weight": true
  }
}