{
  "scenario": 2,
  "k_folds": 10,
  "M": 50,
  "data_type": "synthetic",
  "window_size": 20,
  "stride": 1,
  "mean_precision": 0.43470141186321964,
  "std_precision": 0.30517266053335645,
  "mean_recall": 0.49404761904761907,
  "std_recall": 0.19743608857120012,
  "mean_f1": 0.35800057386593437,
  "std_f1": 0.2210913433102187,
  "per_fold_precision": [
    0.5094339622641509,
    0.024266365688487584,
    0.6,
    0.6190476190476191,
    1.0,
    0.48314606741573035,
    0.028291621327529923,
    0.4827586206896552,
    0.5918367346938775,
    0.008233127505145705
  ],
  "per_fold_recall": [
    0.32142857142857145,
    0.5119047619047619,
    0.7142857142857143,
    0.30952380952380953,
    0.34523809523809523,
    0.5119047619047619,
    0.30952380952380953,
    0.6666666666666666,
    0.34523809523809523,
    0.9047619047619048
  ],
  "per_fold_f1": [
    0.39416058394160586,
    0.04633620689655173,
    0.6521739130434783,
    0.4126984126984127,
    0.5132743362831859,
    0.49710982658959535,
    0.0518444666001994,
    0.56,
    0.43609022556390975,
    0.016317767042404722
  ],
  "params": {
    "dropout_rate": 0.3,
    "lr": 0.001,
    "batch_size": 128,
    "epochs": 10,
    "patience": 10,
    "conv_filters": [
      32,
      64,
      128,
      256
    ],
    "kernel_size": 3,
    "dense1_units": 128,
    "dense2_units": 64,
    "use_class_weight": true
  }
}