{
  "scenario": 2,
  "k_folds": 5,
  "M": 86,
  "data_type": "synthetic",
  "window_size": 20,
  "stride": 1,
  "mean_precision": 0.3234648642320383,
  "std_precision": 0.17388560775747394,
  "mean_recall": 0.3928571428571429,
  "std_recall": 0.2163917670000336,
  "mean_f1": 0.3138755013683595,
  "std_f1": 0.1539105027403333,
  "per_fold_precision": [
    0.16666666666666666,
    0.1749271137026239,
    0.43478260869565216,
    0.22900763358778625,
    0.6119402985074627
  ],
  "per_fold_recall": [
    0.047619047619047616,
    0.7142857142857143,
    0.35714285714285715,
    0.35714285714285715,
    0.4880952380952381
  ],
  "per_fold_f1": [
    0.07407407407407407,
    0.2810304449648712,
    0.39215686274509803,
    0.27906976744186046,
    0.543046357615894
  ],
  "params": {
    "dropout_rate": 0.3,
    "lr": 0.001,
    "batch_size": 128,
    "epochs": 10,
    "patience": 10,
    "conv_filters": [
      32,
      64,
      128,
      256
    ],
    "kernel_size": 3,
    "dense1_units": 128,
    "dense2_units": 64,
    "use_class_weight": true
  }
}