{
  "scenario": 2,
  "k_folds": 10,
  "M": 86,
  "data_type": "real",
  "window_size": 20,
  "stride": 1,
  "mean_precision": 0.7259384220234315,
  "std_precision": 0.23111263535106188,
  "mean_recall": 0.8238095238095238,
  "std_recall": 0.049026810195176206,
  "mean_f1": 0.7512844390142556,
  "std_f1": 0.1571998641926223,
  "per_fold_precision": [
    0.6346153846153846,
    0.47333333333333333,
    0.9864864864864865,
    0.6788990825688074,
    0.25296442687747034,
    0.7252747252747253,
    0.6633663366336634,
    1.0,
    1.0,
    0.8444444444444444
  ],
  "per_fold_recall": [
    0.7857142857142857,
    0.8452380952380952,
    0.8690476190476191,
    0.8809523809523809,
    0.7619047619047619,
    0.7857142857142857,
    0.7976190476190477,
    0.7619047619047619,
    0.8452380952380952,
    0.9047619047619048
  ],
  "per_fold_f1": [
    0.7021276595744681,
    0.6068376068376068,
    0.9240506329113924,
    0.7668393782383419,
    0.3798219584569733,
    0.7542857142857143,
    0.7243243243243244,
    0.8648648648648649,
    0.9161290322580645,
    0.8735632183908046
  ],
  "params": {
    "dropout_rate": 0.3,
    "lr": 0.001,
    "batch_size": 128,
    "epochs": 10,
    "patience": 10,
    "conv_filters": [
      32,
      64,
      128,
      256
    ],
    "kernel_size": 3,
    "dense1_units": 128,
    "dense2_units": 64,
    "use_class_weight": true
  }
}