{
  "scenario": 3,
  "k_folds": 10,
  "M": 86,
  "data_type": "synthetic",
  "window_size": 20,
  "stride": 1,
  "mean_precision": 0.9024771994560185,
  "std_precision": 0.0983690931123392,
  "mean_recall": 0.4615470852017937,
  "std_recall": 0.10095669625882012,
  "mean_f1": 0.6000070687361703,
  "std_f1": 0.08750581274624365,
  "per_fold_precision": [
    0.9461756373937678,
    0.9260780287474333,
    0.9885057471264368,
    0.9347826086956522,
    0.9972826086956522,
    0.9331306990881459,
    0.8856589147286822,
    0.6284875183553598,
    0.8787878787878788,
    0.9058823529411765
  ],
  "per_fold_recall": [
    0.3744394618834081,
    0.5056053811659192,
    0.289237668161435,
    0.5302690582959642,
    0.41143497757847536,
    0.34417040358744394,
    0.5123318385650224,
    0.4798206278026906,
    0.6502242152466368,
    0.5179372197309418
  ],
  "per_fold_f1": [
    0.5365461847389559,
    0.6540971718636693,
    0.44752818733738076,
    0.6766809728183119,
    0.5825396825396826,
    0.5028665028665029,
    0.6491477272727273,
    0.5441830896376351,
    0.7474226804123711,
    0.6590584878744651
  ],
  "params": {
    "dropout_rate": 0.3,
    "lr": 0.001,
    "batch_size": 128,
    "epochs": 10,
    "patience": 10,
    "conv_filters": [
      32,
      64,
      128,
      256
    ],
    "kernel_size": 3,
    "dense1_units": 128,
    "dense2_units": 64,
    "use_class_weight": true
  }
}