{
  "scenario": 3,
  "k_folds": 10,
  "M": 50,
  "data_type": "real",
  "window_size": 20,
  "stride": 1,
  "mean_precision": 0.15746225197614921,
  "std_precision": 0.22902648402819933,
  "mean_recall": 0.2948430493273543,
  "std_recall": 0.1716367346878961,
  "mean_f1": 0.13393132557831544,
  "std_f1": 0.10268277698863149,
  "per_fold_precision": [
    0.10263929618768329,
    0.019972178060413355,
    0.8010752688172043,
    0.03643325404652782,
    0.21665319320937754,
    0.05116883116883117,
    0.2542857142857143,
    0.047893350888742595,
    0.0,
    0.04450143309699804
  ],
  "per_fold_recall": [
    0.27466367713004486,
    0.22533632286995517,
    0.16704035874439463,
    0.7040358744394619,
    0.3004484304932735,
    0.22085201793721973,
    0.3991031390134529,
    0.32623318385650224,
    0.0,
    0.3307174887892377
  ],
  "per_fold_f1": [
    0.14943580359865813,
    0.03669222343921139,
    0.2764378478664193,
    0.06928126206630261,
    0.25176139032409584,
    0.08308730493462674,
    0.3106457242582897,
    0.08352468427095293,
    0.0,
    0.07844701502459779
  ],
  "params": {
    "dropout_rate": 0.3,
    "lr": 0.001,
    "batch_size": 128,
    "epochs": 10,
    "patience": 10,
    "conv_filters": [
      32,
      64,
      128,
      256
    ],
    "kernel_size": 3,
    "dense1_units": 128,
    "dense2_units": 64,
    "use_class_weight": true
  }
}