{
  "scenario": 2,
  "k_folds": 5,
  "M": 86,
  "data_type": "real",
  "window_size": 20,
  "stride": 1,
  "mean_precision": 0.6569843076565919,
  "std_precision": 0.251837036664591,
  "mean_recall": 0.780952380952381,
  "std_recall": 0.07882354932022308,
  "mean_f1": 0.6960749417014382,
  "std_f1": 0.18729348948678765,
  "per_fold_precision": [
    0.8846153846153846,
    0.4306569343065693,
    0.9746835443037974,
    0.32105263157894737,
    0.6739130434782609
  ],
  "per_fold_recall": [
    0.8214285714285714,
    0.7023809523809523,
    0.9166666666666666,
    0.7261904761904762,
    0.7380952380952381
  ],
  "per_fold_f1": [
    0.8518518518518519,
    0.5339366515837104,
    0.9447852760736196,
    0.44525547445255476,
    0.7045454545454546
  ],
  "params": {
    "dropout_rate": 0.3,
    "lr": 0.001,
    "batch_size": 128,
    "epochs": 10,
    "patience": 10,
    "conv_filters": [
      32,
      64,
      128,
      256
    ],
    "kernel_size": 3,
    "dense1_units": 128,
    "dense2_units": 64,
    "use_class_weight": true
  }
}