{
  "scenario": 3,
  "k_folds": 5,
  "M": 86,
  "data_type": "synthetic",
  "window_size": 20,
  "stride": 1,
  "mean_precision": 0.6260989231943238,
  "std_precision": 0.39449422988309163,
  "mean_recall": 0.39618834080717485,
  "std_recall": 0.15717408826392806,
  "mean_f1": 0.38813386042249787,
  "std_f1": 0.20479798299856106,
  "per_fold_precision": [
    1.0,
    0.1956689868522815,
    0.10282776349614396,
    0.8413001912045889,
    0.9906976744186047
  ],
  "per_fold_recall": [
    0.1289237668161435,
    0.5672645739910314,
    0.31390134529147984,
    0.49327354260089684,
    0.47757847533632286
  ],
  "per_fold_f1": [
    0.22840119165839126,
    0.2909718228867165,
    0.15491009681881052,
    0.6219081272084805,
    0.6444780635400907
  ],
  "params": {
    "dropout_rate": 0.3,
    "lr": 0.001,
    "batch_size": 128,
    "epochs": 10,
    "patience": 10,
    "conv_filters": [
      32,
      64,
      128,
      256
    ],
    "kernel_size": 3,
    "dense1_units": 128,
    "dense2_units": 64,
    "use_class_weight": true
  }
}