{
  "scenario": 3,
  "k_folds": 5,
  "M": 50,
  "data_type": "synthetic",
  "window_size": 20,
  "stride": 1,
  "mean_precision": 0.45277981306140636,
  "std_precision": 0.36702731770575997,
  "mean_recall": 0.4134529147982063,
  "std_recall": 0.1186973576788552,
  "mean_f1": 0.3288265760693254,
  "std_f1": 0.2039822921191888,
  "per_fold_precision": [
    0.10237477549391338,
    0.8269794721407625,
    0.36006546644844517,
    0.040157317325605464,
    0.934322033898305
  ],
  "per_fold_recall": [
    0.5751121076233184,
    0.31614349775784756,
    0.24663677130044842,
    0.4349775784753363,
    0.4943946188340807
  ],
  "per_fold_f1": [
    0.17380992715568355,
    0.45742092457420924,
    0.2927478376580173,
    0.0735266249763123,
    0.6466275659824047
  ],
  "params": {
    "dropout_rate": 0.3,
    "lr": 0.001,
    "batch_size": 128,
    "epochs": 10,
    "patience": 10,
    "conv_filters": [
      32,
      64,
      128,
      256
    ],
    "kernel_size": 3,
    "dense1_units": 128,
    "dense2_units": 64,
    "use_class_weight": true
  }
}