{
  "scenario": 3,
  "k_folds": 10,
  "M": 50,
  "data_type": "synthetic",
  "window_size": 20,
  "stride": 1,
  "mean_precision": 0.6723353695946097,
  "std_precision": 0.30324243601144785,
  "mean_recall": 0.47544843049327357,
  "std_recall": 0.11447220431062624,
  "mean_f1": 0.5137909684311561,
  "std_f1": 0.18683335668011006,
  "per_fold_precision": [
    0.46834264432029793,
    0.2652877697841727,
    0.9134199134199135,
    0.9253996447602132,
    0.7364217252396166,
    0.807909604519774,
    0.07647687375973133,
    0.9870466321243523,
    0.988135593220339,
    0.5549132947976878
  ],
  "per_fold_recall": [
    0.5639013452914798,
    0.3307174887892377,
    0.4730941704035874,
    0.5840807174887892,
    0.5168161434977578,
    0.32062780269058294,
    0.5616591928251121,
    0.42713004484304934,
    0.6535874439461884,
    0.32286995515695066
  ],
  "per_fold_f1": [
    0.5116988809766022,
    0.2944111776447106,
    0.6233382570162481,
    0.7161512027491409,
    0.6073781291172595,
    0.4590690208667737,
    0.13462313583232569,
    0.596244131455399,
    0.786774628879892,
    0.40822111977321046
  ],
  "params": {
    "dropout_rate": 0.3,
    "lr": 0.001,
    "batch_size": 128,
    "epochs": 10,
    "patience": 10,
    "conv_filters": [
      32,
      64,
      128,
      256
    ],
    "kernel_size": 3,
    "dense1_units": 128,
    "dense2_units": 64,
    "use_class_weight": true
  }
}