{
  "scenario": 3,
  "k_folds": 5,
  "M": 50,
  "data_type": "real",
  "window_size": 20,
  "stride": 1,
  "mean_precision": 0.2449802398653275,
  "std_precision": 0.36113248982913543,
  "mean_recall": 0.3024663677130045,
  "std_recall": 0.11743914331222767,
  "mean_f1": 0.13406442334235671,
  "std_f1": 0.07814742442015164,
  "per_fold_precision": [
    0.09490126731506042,
    0.01284769469320591,
    0.0840064620355412,
    0.965034965034965,
    0.06811081024786503
  ],
  "per_fold_recall": [
    0.3609865470852018,
    0.4551569506726457,
    0.17488789237668162,
    0.1547085201793722,
    0.3665919282511211
  ],
  "per_fold_f1": [
    0.15029171528588098,
    0.02498999784568984,
    0.11349581666060386,
    0.26666666666666666,
    0.1148779202529422
  ],
  "params": {
    "dropout_rate": 0.3,
    "lr": 0.001,
    "batch_size": 128,
    "epochs": 10,
    "patience": 10,
    "conv_filters": [
      32,
      64,
      128,
      256
    ],
    "kernel_size": 3,
    "dense1_units": 128,
    "dense2_units": 64,
    "use_class_weight": true
  }
}