{
  "scenario": 2,
  "k_folds": 10,
  "M": 50,
  "data_type": "real",
  "window_size": 20,
  "stride": 1,
  "mean_precision": 0.8453719892952721,
  "std_precision": 0.17453760835107895,
  "mean_recall": 0.8440476190476189,
  "std_recall": 0.0591536107085945,
  "mean_f1": 0.8333236356319633,
  "std_f1": 0.09419942528487482,
  "per_fold_precision": [
    0.72,
    0.5932203389830508,
    1.0,
    1.0,
    1.0,
    0.8947368421052632,
    0.576271186440678,
    0.6694915254237288,
    1.0,
    1.0
  ],
  "per_fold_recall": [
    0.8571428571428571,
    0.8333333333333334,
    0.7619047619047619,
    0.8809523809523809,
    0.9047619047619048,
    0.8095238095238095,
    0.8095238095238095,
    0.9404761904761905,
    0.8928571428571429,
    0.75
  ],
  "per_fold_f1": [
    0.782608695652174,
    0.693069306930693,
    0.8648648648648649,
    0.9367088607594937,
    0.95,
    0.85,
    0.6732673267326733,
    0.7821782178217822,
    0.9433962264150944,
    0.8571428571428571
  ],
  "params": {
    "dropout_rate": 0.3,
    "lr": 0.001,
    "batch_size": 128,
    "epochs": 10,
    "patience": 10,
    "conv_filters": [
      32,
      64,
      128,
      256
    ],
    "kernel_size": 3,
    "dense1_units": 128,
    "dense2_units": 64,
    "use_class_weight": true
  }
}