{
  "scenario": 2,
  "k_folds": 5,
  "M": 50,
  "data_type": "real",
  "window_size": 20,
  "stride": 1,
  "mean_precision": 0.8241559899394,
  "std_precision": 0.14718949494360614,
  "mean_recall": 0.7928571428571429,
  "std_recall": 0.04914230342988166,
  "mean_f1": 0.7977460025249423,
  "std_f1": 0.05319047631043279,
  "per_fold_precision": [
    1.0,
    0.6634615384615384,
    0.6938775510204082,
    0.7634408602150538,
    1.0
  ],
  "per_fold_recall": [
    0.7857142857142857,
    0.8214285714285714,
    0.8095238095238095,
    0.8452380952380952,
    0.7023809523809523
  ],
  "per_fold_f1": [
    0.88,
    0.7340425531914894,
    0.7472527472527473,
    0.8022598870056498,
    0.8251748251748252
  ],
  "params": {
    "dropout_rate": 0.3,
    "lr": 0.001,
    "batch_size": 128,
    "epochs": 10,
    "patience": 10,
    "conv_filters": [
      32,
      64,
      128,
      256
    ],
    "kernel_size": 3,
    "dense1_units": 128,
    "dense2_units": 64,
    "use_class_weight": true
  }
}