fold,attack_id,precision,recall,feature_runtime_sec,feature_memory_bytes,runtime_sec,memory_bytes
1,7,0.9988193624545468,0.9559322033887504,0.0,0,0.40647053718566895,-2908160
2,7,0.9953271028025755,0.9627118644056919,0.0,0,0.3120100498199463,245760
3,7,0.9999999999988194,0.957062146891574,0.0,0,0.32887959480285645,-1261568
4,7,0.9999999999988166,0.9548022598859268,0.0,0,0.3463470935821533,270336
5,7,0.999999999998818,0.9559322033887504,0.002008676528930664,0,0.3796513080596924,-892928
