fold,attack_id,precision,recall,runtime_sec,memory_bytes
1,7,0.9973190348525469,0.9587628865979382,3.4673986434936523,6414336
2,7,0.9894736842105263,0.9690721649484536,3.4673986434936523,6414336
3,7,1.0,0.9587628865979382,3.4673986434936523,6414336
4,7,1.0,0.9561855670103093,3.4673986434936523,6414336
5,7,1.0,0.9587628865979382,3.4673986434936523,6414336
