fold,attack_id,precision,recall,feature_runtime_sec,feature_memory_bytes,runtime_sec,memory_bytes
1,1,0.999999999998969,0.9528487229853115,0.00017380714416503906,0,0.19273686408996582,417792
2,1,0.999999999998969,0.9528487229853115,0.00010251998901367188,0,0.1481637954711914,0
3,1,0.9999999999989669,0.9508840864430738,0.00010466575622558594,0,0.16027355194091797,0
4,1,0.9999999999989669,0.9508840864430738,0.00010538101196289062,0,0.16121530532836914,0
5,1,0.999999999998969,0.9528487229853115,0.00010204315185546875,0,0.15786266326904297,0
