fold,attack_id,precision,recall,feature_runtime_sec,feature_memory_bytes,runtime_sec,memory_bytes
1,6,0.9999999999989837,0.9666011787809758,0.0,0,0.2268381118774414,-139264
2,6,0.9999999999989848,0.9675834970520947,0.0,0,0.2334427833557129,-1273856
3,6,0.9999999999989827,0.965618860509857,0.0,0,0.25502705574035645,-888832
4,6,0.9999999999989837,0.9666011787809758,0.0,0,0.24498915672302246,-2232320
5,6,0.9989858012160254,0.9675834970520947,0.0,0,0.2366330623626709,-1318912
