fold,attack_id,precision,recall,feature_runtime_sec,feature_memory_bytes,runtime_sec,memory_bytes
1,6,0.9987995198067241,0.9401129943492202,0.0,0,0.3233354091644287,507904
2,6,0.9952662721881713,0.9502824858746325,0.0,0,0.25056910514831543,-1744896
3,6,0.9999999999987995,0.9412429378520438,0.0,0,0.3179020881652832,-827392
4,6,0.9999999999987966,0.9389830508463967,0.0,0,0.34955453872680664,-749568
5,6,0.9999999999987966,0.9389830508463967,0.0,0,0.3332958221435547,299008
