fold,attack_id,precision,recall,feature_runtime_sec,feature_memory_bytes,runtime_sec,memory_bytes
1,7,0.0,0.0,0.0,4096,0.8694815635681152,-430080
2,7,0.0,0.0,0.0,0,0.8665764331817627,-2400256
3,7,0.0,0.0,0.0,0,0.8401153087615967,-962560
4,7,0.0,0.0,0.0,0,1.643298625946045,1224704
5,7,0.0,0.0,0.0,0,0.9799222946166992,-1105920
