fold,attack_id,precision,recall,feature_runtime_sec,feature_memory_bytes,runtime_sec,memory_bytes
1,2,0.999999999998811,0.8261296660109763,0.0,0,0.2617156505584717,180224
2,2,0.9999999999988137,0.828094302553214,0.0,0,0.21489548683166504,335872
3,2,0.9999999999988137,0.828094302553214,0.0,0,0.21142363548278809,-1400832
4,2,0.999999999998811,0.8261296660109763,0.0,0,0.22316670417785645,-2367488
5,2,0.9999999999988304,0.8398821218066406,0.0,0,0.20742082595825195,-794624
