fold,attack_id,precision,recall,feature_runtime_sec,feature_memory_bytes,runtime_sec,memory_bytes
1,,0.0,0.0,0.0001964569091796875,0,25.626222610473633,0
2,,0.0,0.0,0.00010967254638671875,0,25.61148762702942,163840
3,,0.0,0.0,0.00011038780212402344,0,18.242594242095947,2273280
4,,0.0,0.0,0.00010561943054199219,0,23.83775568008423,2306048
5,,0.0,0.0,0.00010228157043457031,0,18.33610463142395,2322432
