fold,attack_id,precision,recall,runtime_sec,memory_bytes
1,,0.43661971830985913,0.07989690721649484,290.5153613090515,16015360
2,,0.4246575342465753,0.07989690721649484,290.5153613090515,16015360
3,,0.4492753623188406,0.07989690721649484,290.5153613090515,16015360
4,,0.484375,0.07989690721649484,290.5153613090515,16015360
5,,0.5263157894736842,0.07731958762886598,290.5153613090515,16015360
