fold,attack_id,precision,recall,feature_runtime_sec,feature_memory_bytes,runtime_sec,memory_bytes
1,,0.18367346938400667,0.1084337349384526,0.0,0,28.98105263710022,-19603456
2,,0.17647058823183392,0.1084337349384526,0.0,0,25.58343482017517,-1622016
3,,0.19148936169805345,0.1084337349384526,0.0,0,26.39691424369812,6549504
4,,0.21428571428061227,0.1084337349384526,0.0,0,27.90210509300232,1036288
5,,0.22857142856489798,0.09638554216751342,0.0,0,31.766302824020386,876544
