fold,attack_id,precision,recall,feature_runtime_sec,feature_memory_bytes,runtime_sec,memory_bytes
1,,0.0,0.0,0.0,0,130.2342972755432,397312
2,,0.0,0.0,0.0,0,40.469738245010376,-1048576
3,,0.0,0.0,0.0,0,25.709341049194336,6176768
4,,0.0,0.0,0.0,0,34.47384691238403,1630208
5,,0.0,0.0,0.0,0,26.806610822677612,937984
