fold,attack_id,precision,recall,feature_runtime_sec,feature_memory_bytes,runtime_sec,memory_bytes
1,,0.0,0.0,0.0,0,111.81470370292664,-274432
2,,0.0,0.0,0.0,0,93.55756616592407,-204800
3,,0.0,0.0,0.0,0,65.99985194206238,-106496
4,,0.0,0.0,0.0010199546813964844,0,114.25349926948547,6377472
5,,0.0,0.0,0.0,0,64.4221408367157,2318336
