Feature,Importance,Rank,Std_Dev
z5,0.1989042081999179,1,0.014901131723516425
z10,0.13491895234828305,2,0.0005856794775940255
z0,0.11588855937768848,3,0.000605309495184142
z6,0.11484069650015971,4,7.763738917531543e-05
z14,0.10588173425824335,5,0.0085753422398743
z7,0.09662701366682855,6,0.0005540920895227008
z8,0.07067164026591466,7,0.008624919173263308
z16,0.03457641558356966,8,7.353172944304237e-05
z13,0.030264917133760894,9,4.3554183799636437e-07
z19,0.01347823448892051,10,0.0015357389644987413
z15,0.0114379320725351,11,0.0009351003628034283
z18,0.011148019136882516,12,0.0016056360028262173
z9,0.010419858313330012,13,0.0013723474494029223
z4,0.010308480708631645,14,0.0014666927056207106
z2,0.008624333112163863,15,0.0004477404308305807
z3,0.007215296166301035,16,0.00016139162440149046
z12,0.007079440437604974,17,0.0006309367613491043
z11,0.006633290286237763,18,3.769954445214567e-05
z17,0.005575611980995595,19,0.0013378158343539588
z1,0.005505365962030795,20,0.0015778130698111807
