fold,attack_id,precision,recall,feature_runtime_sec,feature_memory_bytes,runtime_sec,memory_bytes
1,,0.08870967741863943,0.13253012048033094,0.0099639892578125,12124160,4.386489629745483,-1896448
2,,0.10869565217273157,0.12048192770939178,0.012677431106567383,6049792,4.126813650131226,-3735552
3,,0.1111111111100823,0.14457831325127013,0.015397787094116211,5767168,4.298581600189209,-2113536
4,,0.12121212121089685,0.14457831325127013,0.01130223274230957,5746688,3.193087100982666,-368640
5,,0.13186813186668275,0.14457831325127013,0.0,5746688,2.9722719192504883,-2936832
