fold,attack_id,precision,recall,feature_runtime_sec,feature_memory_bytes,runtime_sec,memory_bytes
1,,0.08870967741863943,0.13253012048033094,0.000993967056274414,0,3.0301966667175293,-4292608
2,,0.10869565217273157,0.12048192770939178,0.0,0,2.904888153076172,-962560
3,,0.11214953270923224,0.14457831325127013,0.0,0,2.661864995956421,-991232
4,,0.12121212121089685,0.14457831325127013,0.0,0,2.8834426403045654,-815104
5,,0.13186813186668275,0.14457831325127013,0.0,0,3.0363855361938477,-3469312
