fold,attack_id,precision,recall,runtime_sec,memory_bytes
1,,0.2662337662337662,0.1056701030927835,34.31600499153137,12505088
2,,0.32786885245901637,0.10309278350515463,34.31600499153137,12505088
3,,0.30434782608695654,0.10824742268041238,34.31600499153137,12505088
4,,0.33076923076923076,0.11082474226804123,34.31600499153137,12505088
5,,0.34710743801652894,0.10824742268041238,34.31600499153137,12505088
