fold,attack_id,precision,recall,feature_runtime_sec,feature_memory_bytes,runtime_sec,memory_bytes
1,,0.755395683447803,0.9999999999904762,0.00022101402282714844,0,0.9658677577972412,-3141632
2,,0.7342657342605996,0.9999999999904762,0.00012111663818359375,0,0.9795794486999512,1347584
3,,0.7394366197131026,0.9999999999904762,0.00012063980102539062,0,0.9500002861022949,86016
4,,0.7342657342605996,0.9999999999904762,0.00011038780212402344,0,0.9865529537200928,1339392
5,,0.695364238405991,0.9999999999904762,0.0001373291015625,0,0.9591386318206787,2097152
