fold,attack_id,precision,recall,feature_runtime_sec,feature_memory_bytes,runtime_sec,memory_bytes
1,,0.08870967741863943,0.13253012048033094,0.0,0,3.561521291732788,-4411392
2,,0.10869565217273157,0.12048192770939178,0.0,0,5.065018892288208,208896
3,,0.11214953270923224,0.14457831325127013,0.0,0,4.537581443786621,-1130496
4,,0.12121212121089685,0.14457831325127013,0.0,0,3.576030969619751,-1740800
5,,0.13186813186668275,0.14457831325127013,0.0,0,3.702455759048462,-2269184
