fold,attack_id,precision,recall,feature_runtime_sec,feature_memory_bytes,runtime_sec,memory_bytes
1,,0.755395683447803,0.9999999999904762,0.0,0,1.4443700313568115,-3133440
2,,0.7342657342605996,0.9999999999904762,0.0,0,1.566159963607788,-1163264
3,,0.7394366197131026,0.9999999999904762,0.0,0,1.9320509433746338,-192512
4,,0.7342657342605996,0.9999999999904762,0.0,0,2.2111265659332275,-3489792
5,,0.695364238405991,0.9999999999904762,0.0,0,1.949413776397705,-2920448
