fold,attack_id,precision,recall,feature_runtime_sec,feature_memory_bytes,runtime_sec,memory_bytes
1,7,0.9041095890287107,0.7951807228819857,0.0,0,10.078252792358398,0
2,7,0.7692307692223161,0.8433734939657425,0.0,0,11.286094665527344,4096
3,7,0.8499999999893749,0.8192771084238641,0.0,0,14.195318460464478,569344
4,7,0.8275862068870392,0.8674698795076208,0.0,0,15.03141450881958,372736
5,7,0.8043478260782135,0.8915662650494992,0.0010020732879638672,0,17.683569192886353,978944
