fold,attack_id,precision,recall,runtime_sec,memory_bytes
1,7,0.9861111111111112,0.9638009049773756,16.305871725082397,7294976
2,7,0.9728506787330317,0.9728506787330317,16.305871725082397,7294976
3,7,0.995260663507109,0.9502262443438914,16.305871725082397,7294976
4,7,1.0,0.9502262443438914,16.305871725082397,7294976
5,7,0.9952830188679245,0.9547511312217195,16.305871725082397,7294976
