fold,attack_id,precision,recall,feature_runtime_sec,feature_memory_bytes,runtime_sec,memory_bytes
1,7,0.9756097560856632,0.9638554216751343,0.0,0,6.905952453613281,20480
2,7,0.9411764705771626,0.9638554216751343,0.0,0,5.04653525352478,77824
3,7,0.9999999999875,0.9638554216751343,0.0,0,5.19768762588501,950272
4,7,0.9999999999875,0.9638554216751343,0.0,0,5.25199818611145,188416
5,7,0.9999999999875,0.9638554216751343,0.0,0,5.133113622665405,352256
