fold,attack_id,precision,recall,runtime_sec,memory_bytes
1,7,0.9861111111111112,0.9638009049773756,19.1075222492218,7454720
2,7,0.9728506787330317,0.9728506787330317,19.1075222492218,7454720
3,7,0.995260663507109,0.9502262443438914,19.1075222492218,7454720
4,7,1.0,0.9502262443438914,19.1075222492218,7454720
5,7,0.9952830188679245,0.9547511312217195,19.1075222492218,7454720
