fold,attack_id,precision,recall,feature_runtime_sec,feature_memory_bytes,runtime_sec,memory_bytes
1,7,0.9999999999902912,0.9809523809430385,0.0,0,6.505692005157471,692224
2,7,0.9999999999902912,0.9809523809430385,0.0,0,6.562400817871094,397312
3,7,0.9902912621263078,0.9714285714193197,0.0,0,6.660336494445801,0
4,7,0.9999999999902912,0.9809523809430385,0.0,0,6.9063239097595215,16384
5,7,0.9902912621263078,0.9714285714193197,0.0,0,11.514341592788696,983040
