fold,attack_id,precision,recall,feature_runtime_sec,feature_memory_bytes,runtime_sec,memory_bytes
1,7,0.9756097560856632,0.9638554216751343,0.0,0,6.2354254722595215,393216
2,7,0.9411764705771626,0.9638554216751343,0.0,0,5.839763164520264,4096
3,7,0.9999999999875,0.9638554216751343,0.0,0,5.998812198638916,385024
4,7,0.9999999999875,0.9638554216751343,0.0,0,6.264472961425781,610304
5,7,0.9999999999875,0.9638554216751343,0.0,0,7.063508987426758,438272
