fold,attack_id,precision,recall,feature_runtime_sec,feature_memory_bytes,runtime_sec,memory_bytes
1,7,0.9642857142742347,0.9759036144460734,0.014704465866088867,4096,3.87080979347229,413696
2,7,0.9310344827479191,0.9759036144460734,0.013516902923583984,0,4.079845666885376,147456
3,7,0.987804878036734,0.9759036144460734,0.01900029182434082,0,3.0288705825805664,385024
4,7,0.9999999999876543,0.9759036144460734,0.01000356674194336,573440,2.9976630210876465,380928
5,7,0.9999999999876543,0.9759036144460734,0.029030323028564453,0,2.815053939819336,4096
