fold,attack_id,precision,recall,feature_runtime_sec,feature_memory_bytes,runtime_sec,memory_bytes
1,7,0.9756097560856632,0.9638554216751343,0.0,0,5.127548456192017,0
2,7,0.9411764705771626,0.9638554216751343,0.0,0,4.648326873779297,4096
3,7,0.9999999999875,0.9638554216751343,0.0,0,4.748462438583374,421888
4,7,0.9999999999875,0.9638554216751343,0.0,0,4.76508092880249,958464
5,7,0.9999999999875,0.9638554216751343,0.0,0,4.698319673538208,421888
